-- =============================================================================
--  BookClub Sample Seed Data
-- =============================================================================
--  Run after schema.sql / 001_initial.sql
-- =============================================================================

-- Demo users (passwords are hashed; plain text: password123)
-- Note: In production these hashes would be generated by PasswordHasher.
-- For seeding, we use pre-computed SHA-256 hashes.
INSERT OR IGNORE INTO users (id, username, display_name, password_hash, security_question, security_answer_hash, role, status) VALUES
('usr_alice', 'alice', 'Alice Reader', '5e884898da28047151d0e56f8dc6292773603d0d6aabbdd62a11ef721d1542d8', 'What was the name of your first pet?', 'whiskers', 'user', 'active'),
('usr_bob', 'bob', 'Bob Bibliophile', '5e884898da28047151d0e56f8dc6292773603d0d6aabbdd62a11ef721d1542d8', 'In what city were you born?', 'london', 'user', 'active'),
('usr_pub', 'publisher', 'Penguin Press', '5e884898da28047151d0e56f8dc6292773603d0d6aabbdd62a11ef721d1542d8', 'What was the title of your favourite childhood book?', 'alice', 'publisher', 'active'),
('usr_admin', 'admin', 'System Admin', '5e884898da28047151d0e56f8dc6292773603d0d6aabbdd62a11ef721d1542d8', 'What was the make of your first car?', 'volvo', 'admin', 'active'),
('usr_server', 'server', 'Server Operator', '5e884898da28047151d0e56f8dc6292773603d0d6aabbdd62a11ef721d1542d8', 'What is your mother''s maiden name?', 'smith', 'server', 'active');

-- Genres
INSERT OR IGNORE INTO genres (name) VALUES
('Fiction'), ('Non-Fiction'), ('Mystery'), ('Thriller'), ('Romance'),
('Science Fiction'), ('Fantasy'), ('Historical Fiction'), ('Biography'),
('Self-Help'), ('Business'), ('Technology'), ('Poetry'), ('Young Adult'), ('Children''s');

-- Sample books
INSERT OR IGNORE INTO books (id, title, author_name, publisher_id, publisher_name, description, cover_color, cover_accent, base_price, price, discount_value, average_rating, rating_count, total_sales, is_free, active) VALUES
('bk_001', 'The Midnight Library', 'Matt Haig', 'usr_pub', 'Penguin Press', 'Between life and death there is a library.', '#1A73E8', '#1557B0', 12.99, 12.99, 0, 4.2, 1280, 3200, 0, 1),
('bk_002', 'Atomic Habits', 'James Clear', 'usr_pub', 'Penguin Press', 'Tiny changes, remarkable results.', '#1E8E3E', '#0D6510', 14.99, 11.99, 3.00, 4.8, 5400, 8100, 0, 1),
('bk_003', 'Project Hail Mary', 'Andy Weir', 'usr_pub', 'Penguin Press', 'A lone astronaut must save the earth.', '#F29900', '#B36B00', 13.49, 13.49, 0, 4.6, 2100, 1800, 0, 1),
('bk_004', 'The Silent Patient', 'Alex Michaelides', 'usr_pub', 'Penguin Press', 'A psychological thriller.', '#9C27B0', '#6A1B9A', 10.99, 8.79, 2.20, 4.1, 3400, 4100, 0, 1),
('bk_005', 'Educated', 'Tara Westover', 'usr_pub', 'Penguin Press', 'A memoir about transformation.', '#D93025', '#A51E1A', 15.99, 15.99, 0, 4.7, 3200, 2600, 0, 1),
('bk_006', 'Where the Crawdads Sing', 'Delia Owens', 'usr_pub', 'Penguin Press', 'A coming-of-age mystery.', '#00897B', '#00695C', 12.49, 9.99, 2.50, 4.4, 2800, 3500, 0, 1),
('bk_007', 'Deep Work', 'Cal Newport', 'usr_pub', 'Penguin Press', 'Rules for focused success.', '#3F51B5', '#303F9F', 16.99, 16.99, 0, 4.5, 1900, 2200, 0, 1),
('bk_008', 'Sapiens', 'Yuval Noah Harari', 'usr_pub', 'Penguin Press', 'A brief history of humankind.', '#795548', '#5D4037', 18.99, 14.24, 4.75, 4.6, 4100, 3900, 0, 1),
('bk_009', 'The Pragmatic Programmer', 'David Thomas', 'usr_pub', 'Penguin Press', 'Your journey to mastery.', '#0288D1', '#01579B', 0.00, 0.00, 0, 4.9, 890, 1200, 1, 1),
('bk_010', 'Quiet Rivers', 'Anonymous', 'usr_pub', 'Penguin Press', 'A meditative journey.', '#607D8B', '#455A64', 9.99, 9.99, 0, 3.8, 120, 340, 0, 1);

-- Book genres
INSERT OR IGNORE INTO book_genres (book_id, genre) VALUES
('bk_001', 'Fiction'), ('bk_001', 'Fantasy'),
('bk_002', 'Self-Help'), ('bk_002', 'Business'),
('bk_003', 'Science Fiction'), ('bk_003', 'Thriller'),
('bk_004', 'Mystery'), ('bk_004', 'Thriller'),
('bk_005', 'Biography'), ('bk_005', 'Non-Fiction'),
('bk_006', 'Fiction'), ('bk_006', 'Mystery'),
('bk_007', 'Self-Help'), ('bk_007', 'Business'),
('bk_008', 'Non-Fiction'), ('bk_008', 'History'),
('bk_009', 'Technology'),
('bk_010', 'Fiction');

-- Sample reviews
INSERT OR IGNORE INTO reviews (id, book_id, user_id, username, display_name, rating, comment, helpful_count, verified_purchase, created_at) VALUES
('rev_001', 'bk_001', 'usr_alice', 'alice', 'Alice Reader', 5, 'An incredible exploration of what could have been.', 42, 1, '2024-03-15 10:30:00'),
('rev_002', 'bk_001', 'usr_bob', 'bob', 'Bob Bibliophile', 4, 'Beautiful prose, slightly slow in the middle.', 18, 1, '2024-04-02 14:15:00'),
('rev_003', 'bk_002', 'usr_alice', 'alice', 'Alice Reader', 5, 'Life-changing. I started implementing habits the same day.', 87, 1, '2024-05-10 09:00:00'),
('rev_004', 'bk_003', 'usr_bob', 'bob', 'Bob Bibliophile', 5, 'Best sci-fi I''ve read in years.', 56, 1, '2024-06-20 16:45:00'),
('rev_005', 'bk_004', 'usr_alice', 'alice', 'Alice Reader', 4, 'Twist ending caught me off guard.', 31, 1, '2024-07-01 11:20:00');

-- Sample notifications
INSERT OR IGNORE INTO notifications (id, user_id, category, title, body, icon, is_read, created_at) VALUES
('ntf_001', 'usr_alice', 'recommendation', 'New book in your favorite genre', 'The Silent Patient is now available in Mystery.', '📚', 0, datetime('now', '-2 hours')),
('ntf_002', 'usr_alice', 'discount', 'Discount on your wishlist', 'Atomic Habits is now 20% off!', '🏷️', 0, datetime('now', '-5 hours')),
('ntf_003', 'usr_alice', 'purchase', 'Purchase confirmed', 'Your order has been processed successfully.', '✅', 1, datetime('now', '-1 day')),
('ntf_004', 'usr_pub', 'publisher', 'New sale!', 'Atomic Habits was just purchased.', '🛒', 0, datetime('now', '-30 minutes')),
('ntf_005', 'usr_pub', 'publisher', 'New 5-star review', 'Alice R. rated Atomic Habits 5 stars.', '⭐', 0, datetime('now', '-1 hour'));

-- Sample shelves
INSERT OR IGNORE INTO shelves (id, user_id, name, description, color, is_private, is_favorite, sort_order) VALUES
('shf_001', 'usr_alice', 'Favorites', 'My all-time favorite books', '#D93025', 0, 1, 0),
('shf_002', 'usr_alice', 'To Re-read', 'Books I want to read again', '#1A73E8', 0, 0, 1),
('shf_003', 'usr_bob', 'Sci-Fi Collection', 'My science fiction shelf', '#1E8E3E', 0, 1, 0);

-- User library (purchased books)
INSERT OR IGNORE INTO user_library (user_id, book_id, is_downloaded) VALUES
('usr_alice', 'bk_001', 1),
('usr_alice', 'bk_002', 1),
('usr_alice', 'bk_003', 0),
('usr_bob', 'bk_001', 1),
('usr_bob', 'bk_004', 0);

-- Wishlist
INSERT OR IGNORE INTO wishlist (user_id, book_id) VALUES
('usr_alice', 'bk_005'),
('usr_alice', 'bk_008'),
('usr_bob', 'bk_002'),
('usr_bob', 'bk_007');

-- Promo codes
INSERT OR IGNORE INTO promo_codes (code, description, publisher_id, discount_percent, scope, max_uses, used_count, is_active) VALUES
('SUMMER25', 'Summer reading - 25% off', 'usr_pub', 25, 'catalog', 1000, 412, 1),
('NEWREADER', 'First purchase - $5 off', 'usr_pub', 5, 'first_time', 500, 184, 1),
('BUNDLE3', 'Buy 3, get 15% off', 'usr_pub', 15, '3plus', 200, 89, 1),
('FLASH48', '48-hour flash sale', 'usr_pub', 40, 'selected', 250, 0, 1);

-- Audit log
INSERT OR IGNORE INTO audit_log (id, action, admin_username, target, details, severity) VALUES
('aud_001', 'USER_BLOCKED', 'admin', 'suspicious_user', 'Blocked for spam activity', 'warning'),
('aud_002', 'BOOK_REMOVED', 'admin', 'bk_010', 'Removed inappropriate content', 'critical'),
('aud_003', 'PUBLISHER_APPROVED', 'admin', 'publisher', 'Approved new publisher account', 'info');

-- Reading progress
INSERT OR IGNORE INTO reading_progress (user_id, book_id, page, page_count) VALUES
('usr_alice', 'bk_001', 42, 304),
('usr_alice', 'bk_002', 128, 320),
('usr_bob', 'bk_001', 88, 304);
